KAYNES,.NS,KAYNES.NS
SYRMA,.NS,SYRMA.NS
IPCALAB,.NS,IPCALAB.NS
CHENNPETRO,.NS,CHENNPETRO.NS
IFCI,.NS,IFCI.NS
KFINTECH,.NS,KFINTECH.NS
JPPOWER,.NS,JPPOWER.NS
DRREDDY,.NS,DRREDDY.NS
ANANTRAJ,.NS,ANANTRAJ.NS
JBCHEPHARM,.NS,JBCHEPHARM.NS
PRAJIND,.NS,PRAJIND.NS
TORNTPHARM,.NS,TORNTPHARM.NS
HINDPETRO,.NS,HINDPETRO.NS
ABBOTINDIA,.NS,ABBOTINDIA.NS
MANAPPURAM,.NS,MANAPPURAM.NS
BAYERCROP,.NS,BAYERCROP.NS
LUPIN,.NS,LUPIN.NS
HONAUT,.NS,HONAUT.NS
CIPLA,.NS,CIPLA.NS
NATCOPHARM,.NS,NATCOPHARM.NS
BPCL,.NS,BPCL.NS
BSE,.NS,BSE.NS
MGL,.NS,MGL.NS
EMAMILTD,.NS,EMAMILTD.NS
METROBRAND,.NS,METROBRAND.NS
COFORGE,.NS,COFORGE.NS
IOC,.NS,IOC.NS
VARROC,.NS,VARROC.NS
BLS,.NS,BLS.NS
PERSISTENT,.NS,PERSISTENT.NS
KIMS,.NS,KIMS.NS
WESTLIFE,.NS,WESTLIFE.NS
HOMEFIRST,.NS,HOMEFIRST.NS
INDGN,.NS,INDGN.NS
CESC,.NS,CESC.NS
GLENMARK,.NS,GLENMARK.NS
MANKIND,.NS,MANKIND.NS
LEMONTREE,.NS,LEMONTREE.NS
POWERINDIA,.NS,POWERINDIA.NS
JINDALSAW,.NS,JINDALSAW.NS
ACE,.NS,ACE.NS
NEWGEN,.NS,NEWGEN.NS
KEC,.NS,KEC.NS
EQUITASBNK,.NS,EQUITASBNK.NS
NLCINDIA,.NS,NLCINDIA.NS
AMBER,.NS,AMBER.NS
CERA,.NS,CERA.NS
DBREALTY,.NS,DBREALTY.NS
UNOMINDA,.NS,UNOMINDA.NS
AUROPHARMA,.NS,AUROPHARMA.NS
GRAPHITE,.NS,GRAPHITE.NS
SHYAMMETL,.NS,SHYAMMETL.NS
EIHOTEL,.NS,EIHOTEL.NS
ERIS,.NS,ERIS.NS
MOTILALOFS,.NS,MOTILALOFS.NS
GLAND,.NS,GLAND.NS
CASTROLIND,.NS,CASTROLIND.NS
BHEL,.NS,BHEL.NS
INDUSTOWER,.NS,INDUSTOWER.NS
ELGIEQUIP,.NS,ELGIEQUIP.NS
GUJGASLTD,.NS,GUJGASLTD.NS
NHPC,.NS,NHPC.NS
HEROMOTOCO,.NS,HEROMOTOCO.NS
SUNPHARMA,.NS,SUNPHARMA.NS
M&MFIN,.NS,M&MFIN.NS
TORNTPOWER,.NS,TORNTPOWER.NS
INDIGO,.NS,INDIGO.NS
APOLLOHOSP,.NS,APOLLOHOSP.NS
SKFINDIA,.NS,SKFINDIA.NS
CHEMPLASTS,.NS,CHEMPLASTS.NS
OFSS,.NS,OFSS.NS
TATACONSUM,.NS,TATACONSUM.NS
BIOCON,.NS,BIOCON.NS
JUBLFOOD,.NS,JUBLFOOD.NS
SBILIFE,.NS,SBILIFE.NS
IEX,.NS,IEX.NS
LAURUSLABS,.NS,LAURUSLABS.NS
LATENTVIEW,.NS,LATENTVIEW.NS
ZYDUSLIFE,.NS,ZYDUSLIFE.NS
WHIRLPOOL,.NS,WHIRLPOOL.NS
HONASA,.NS,HONASA.NS
GSPL,.NS,GSPL.NS
NH,.NS,NH.NS
ABREL,.NS,ABREL.NS
ELECON,.NS,ELECON.NS
HEG,.NS,HEG.NS
ASAHIINDIA,.NS,ASAHIINDIA.NS
PETRONET,.NS,PETRONET.NS
POWERGRID,.NS,POWERGRID.NS
VTL,.NS,VTL.NS
GAIL,.NS,GAIL.NS
ALKEM,.NS,ALKEM.NS
ABSLAMC,.NS,ABSLAMC.NS
GODREJAGRO,.NS,GODREJAGRO.NS
UBL,.NS,UBL.NS
ASTRAZEN,.NS,ASTRAZEN.NS
NMDC,.NS,NMDC.NS
REDINGTON,.NS,REDINGTON.NS
TIMKEN,.NS,TIMKEN.NS
ICICIGI,.NS,ICICIGI.NS
CEATLTD,.NS,CEATLTD.NS
TRENT,.NS,TRENT.NS
GVT&D,.NS,GVT&D.NS
TATAELXSI,.NS,TATAELXSI.NS
COLPAL,.NS,COLPAL.NS
CDSL,.NS,CDSL.NS
ENDURANCE,.NS,ENDURANCE.NS
RKFORGE,.NS,RKFORGE.NS
GRANULES,.NS,GRANULES.NS
PAGEIND,.NS,PAGEIND.NS
PNBHOUSING,.NS,PNBHOUSING.NS
SUNDRMFAST,.NS,SUNDRMFAST.NS
PNB,.NS,PNB.NS
TIINDIA,.NS,TIINDIA.NS
CUB,.NS,CUB.NS
CHAMBLFERT,.NS,CHAMBLFERT.NS
DEVYANI,.NS,DEVYANI.NS
JUBLPHARMA,.NS,JUBLPHARMA.NS
CLEAN,.NS,CLEAN.NS
ZFCVINDIA,.NS,ZFCVINDIA.NS
JSWENERGY,.NS,JSWENERGY.NS
SWSOLAR,.NS,SWSOLAR.NS
SRF,.NS,SRF.NS
CCL,.NS,CCL.NS
DEEPAKNTR,.NS,DEEPAKNTR.NS
CARBORUNIV,.NS,CARBORUNIV.NS
HINDUNILVR,.NS,HINDUNILVR.NS
KIRLOSBROS,.NS,KIRLOSBROS.NS
FACT,.NS,FACT.NS
BHARTIARTL,.NS,BHARTIARTL.NS
INDIACEM,.NS,INDIACEM.NS
KPRMILL,.NS,KPRMILL.NS
MRPL,.NS,MRPL.NS
JYOTHYLAB,.NS,JYOTHYLAB.NS
VOLTAS,.NS,VOLTAS.NS
INDIAMART,.NS,INDIAMART.NS
ECLERX,.NS,ECLERX.NS
OIL,.NS,OIL.NS
MARICO,.NS,MARICO.NS
METROPOLIS,.NS,METROPOLIS.NS
EICHERMOT,.NS,EICHERMOT.NS
TEJASNET,.NS,TEJASNET.NS
APLLTD,.NS,APLLTD.NS
FEDERALBNK,.NS,FEDERALBNK.NS
CANBK,.NS,CANBK.NS
NUVAMA,.NS,NUVAMA.NS
DABUR,.NS,DABUR.NS
APTUS,.NS,APTUS.NS
GPPL,.NS,GPPL.NS
UNITDSPR,.NS,UNITDSPR.NS
COROMANDEL,.NS,COROMANDEL.NS
RAMCOCEM,.NS,RAMCOCEM.NS
BAJAJ-AUTO,.NS,BAJAJ-AUTO.NS
HDFCLIFE,.NS,HDFCLIFE.NS
POLYCAB,.NS,POLYCAB.NS
JUSTDIAL,.NS,JUSTDIAL.NS
AVANTIFEED,.NS,AVANTIFEED.NS
MAHSEAMLES,.NS,MAHSEAMLES.NS
DIVISLAB,.NS,DIVISLAB.NS
SONACOMS,.NS,SONACOMS.NS
HAVELLS,.NS,HAVELLS.NS
CAPLIPOINT,.NS,CAPLIPOINT.NS
WIPRO,.NS,WIPRO.NS
3MINDIA,.NS,3MINDIA.NS
BALAMINES,.NS,BALAMINES.NS
POLICYBZR,.NS,POLICYBZR.NS
CHALET,.NS,CHALET.NS
MEDANTA,.NS,MEDANTA.NS
FLUOROCHEM,.NS,FLUOROCHEM.NS
CGPOWER,.NS,CGPOWER.NS
HBLPOWER,.NS,HBLPOWER.NS
INDUSINDBK,.NS,INDUSINDBK.NS
SAPPHIRE,.NS,SAPPHIRE.NS
MASTEK,.NS,MASTEK.NS
MAPMYINDIA,.NS,MAPMYINDIA.NS
LTF,.NS,LTF.NS
BRIGADE,.NS,BRIGADE.NS
MARUTI,.NS,MARUTI.NS
KAJARIACER,.NS,KAJARIACER.NS
BRITANNIA,.NS,BRITANNIA.NS
INDHOTEL,.NS,INDHOTEL.NS
NUVOCO,.NS,NUVOCO.NS
BANDHANBNK,.NS,BANDHANBNK.NS
IDFCFIRSTB,.NS,IDFCFIRSTB.NS
SHRIRAMFIN,.NS,SHRIRAMFIN.NS
PAYTM,.NS,PAYTM.NS
TATACHEM,.NS,TATACHEM.NS
APOLLOTYRE,.NS,APOLLOTYRE.NS
AJANTPHARM,.NS,AJANTPHARM.NS
MAZDOCK,.NS,MAZDOCK.NS
PVRINOX,.NS,PVRINOX.NS
SAREGAMA,.NS,SAREGAMA.NS
HSCL,.NS,HSCL.NS
ONGC,.NS,ONGC.NS
SANOFI,.NS,SANOFI.NS
HDFCAMC,.NS,HDFCAMC.NS
NSLNISP,.NS,NSLNISP.NS
FIVESTAR,.NS,FIVESTAR.NS
AWL,.NS,AWL.NS
DMART,.NS,DMART.NS
STARHEALTH,.NS,STARHEALTH.NS
ADANIPORTS,.NS,ADANIPORTS.NS
FINEORG,.NS,FINEORG.NS
TATATECH,.NS,TATATECH.NS
ATUL,.NS,ATUL.NS
RRKABEL,.NS,RRKABEL.NS
ALKYLAMINE,.NS,ALKYLAMINE.NS
NCC,.NS,NCC.NS
SAIL,.NS,SAIL.NS
JBMA,.NS,JBMA.NS
BLUEDART,.NS,BLUEDART.NS
GESHIP,.NS,GESHIP.NS
INDIANB,.NS,INDIANB.NS
ADANIENSOL,.NS,ADANIENSOL.NS
BHARATFORG,.NS,BHARATFORG.NS
BOSCHLTD,.NS,BOSCHLTD.NS
ZEEL,.NS,ZEEL.NS
GODREJPROP,.NS,GODREJPROP.NS
TATAPOWER,.NS,TATAPOWER.NS
VIPIND,.NS,VIPIND.NS
PIIND,.NS,PIIND.NS
ICICIPRULI,.NS,ICICIPRULI.NS
INTELLECT,.NS,INTELLECT.NS
FORTIS,.NS,FORTIS.NS
VBL,.NS,VBL.NS
CAMS,.NS,CAMS.NS
MUTHOOTFIN,.NS,MUTHOOTFIN.NS
PFIZER,.NS,PFIZER.NS
ABCAPITAL,.NS,ABCAPITAL.NS
MRF,.NS,MRF.NS
LICI,.NS,LICI.NS
GPIL,.NS,GPIL.NS
SCHNEIDER,.NS,SCHNEIDER.NS
KPITTECH,.NS,KPITTECH.NS
SIEMENS,.NS,SIEMENS.NS
AMBUJACEM,.NS,AMBUJACEM.NS
MCX,.NS,MCX.NS
APLAPOLLO,.NS,APLAPOLLO.NS
ENGINERSIN,.NS,ENGINERSIN.NS
MINDACORP,.NS,MINDACORP.NS
MSUMI,.NS,MSUMI.NS
SAMMAANCAP,.NS,SAMMAANCAP.NS
ITC,.NS,ITC.NS
TANLA,.NS,TANLA.NS
ROUTE,.NS,ROUTE.NS
MAHABANK,.NS,MAHABANK.NS
SOLARINDS,.NS,SOLARINDS.NS
TBOTEK,.NS,TBOTEK.NS
CENTRALBK,.NS,CENTRALBK.NS
BALKRISIND,.NS,BALKRISIND.NS
CROMPTON,.NS,CROMPTON.NS
IDBI,.NS,IDBI.NS
LALPATHLAB,.NS,LALPATHLAB.NS
ULTRACEMCO,.NS,ULTRACEMCO.NS
FINPIPE,.NS,FINPIPE.NS
SUNTV,.NS,SUNTV.NS
ATGL,.NS,ATGL.NS
DEEPAKFERT,.NS,DEEPAKFERT.NS
EMCURE,.NS,EMCURE.NS
NAM-INDIA,.NS,NAM-INDIA.NS
ASTRAL,.NS,ASTRAL.NS
HINDALCO,.NS,HINDALCO.NS
UCOBANK,.NS,UCOBANK.NS
RBLBANK,.NS,RBLBANK.NS
SBIN,.NS,SBIN.NS
AIAENG,.NS,AIAENG.NS
GODREJCP,.NS,GODREJCP.NS
GRINDWELL,.NS,GRINDWELL.NS
HDFCBANK,.NS,HDFCBANK.NS
M&M,.NS,M&M.NS
BANKBARODA,.NS,BANKBARODA.NS
TRIDENT,.NS,TRIDENT.NS
SIGNATURE,.NS,SIGNATURE.NS
IREDA,.NS,IREDA.NS
USHAMART,.NS,USHAMART.NS
PGHH,.NS,PGHH.NS
COALINDIA,.NS,COALINDIA.NS
RENUKA,.NS,RENUKA.NS
CANFINHOME,.NS,CANFINHOME.NS
RAJESHEXPO,.NS,RAJESHEXPO.NS
JKTYRE,.NS,JKTYRE.NS
MANYAVAR,.NS,MANYAVAR.NS
JSL,.NS,JSL.NS
TATASTEEL,.NS,TATASTEEL.NS
TECHM,.NS,TECHM.NS
ZENSARTECH,.NS,ZENSARTECH.NS
VEDL,.NS,VEDL.NS
SBICARD,.NS,SBICARD.NS
GILLETTE,.NS,GILLETTE.NS
RADICO,.NS,RADICO.NS
TATAINVEST,.NS,TATAINVEST.NS
HCLTECH,.NS,HCLTECH.NS
HAPPSTMNDS,.NS,HAPPSTMNDS.NS
MAXHEALTH,.NS,MAXHEALTH.NS
LINDEINDIA,.NS,LINDEINDIA.NS
SHREECEM,.NS,SHREECEM.NS
VIJAYA,.NS,VIJAYA.NS
KARURVYSYA,.NS,KARURVYSYA.NS
CONCOR,.NS,CONCOR.NS
HUDCO,.NS,HUDCO.NS
IRCTC,.NS,IRCTC.NS
JSWINFRA,.NS,JSWINFRA.NS
PTCIL,.NS,PTCIL.NS
ACC,.NS,ACC.NS
APARINDS,.NS,APARINDS.NS
DLF,.NS,DLF.NS
JKCEMENT,.NS,JKCEMENT.NS
BATAINDIA,.NS,BATAINDIA.NS
ABFRL,.NS,ABFRL.NS
SYNGENE,.NS,SYNGENE.NS
ASTERDM,.NS,ASTERDM.NS
LT,.NS,LT.NS
KOTAKBANK,.NS,KOTAKBANK.NS
TVSMOTOR,.NS,TVSMOTOR.NS
GICRE,.NS,GICRE.NS
BLUESTARCO,.NS,BLUESTARCO.NS
ITI,.NS,ITI.NS
QUESS,.NS,QUESS.NS
UJJIVANSFB,.NS,UJJIVANSFB.NS
TATAMOTORS,.NS,TATAMOTORS.NS
JINDALSTEL,.NS,JINDALSTEL.NS
MMTC,.NS,MMTC.NS
ANANDRATHI,.NS,ANANDRATHI.NS
RAINBOW,.NS,RAINBOW.NS
UNIONBANK,.NS,UNIONBANK.NS
JKLAKSHMI,.NS,JKLAKSHMI.NS
GAEL,.NS,GAEL.NS
BSOFT,.NS,BSOFT.NS
GRINFRA,.NS,GRINFRA.NS
SUVENPHAR,.NS,SUVENPHAR.NS
EXIDEIND,.NS,EXIDEIND.NS
KANSAINER,.NS,KANSAINER.NS
PHOENIXLTD,.NS,PHOENIXLTD.NS
SBFC,.NS,SBFC.NS
TITAN,.NS,TITAN.NS
SUPREMEIND,.NS,SUPREMEIND.NS
GNFC,.NS,GNFC.NS
PNCINFRA,.NS,PNCINFRA.NS
TCS,.NS,TCS.NS
JWL,.NS,JWL.NS
DATAPATTNS,.NS,DATAPATTNS.NS
SUNDARMFIN,.NS,SUNDARMFIN.NS
ZOMATO,.NS,ZOMATO.NS
SCI,.NS,SCI.NS
ACI,.NS,ACI.NS
SOBHA,.NS,SOBHA.NS
CELLO,.NS,CELLO.NS
RATNAMANI,.NS,RATNAMANI.NS
BERGEPAINT,.NS,BERGEPAINT.NS
IRFC,.NS,IRFC.NS
HINDZINC,.NS,HINDZINC.NS
ARE&M,.NS,ARE&M.NS
COCHINSHIP,.NS,COCHINSHIP.NS
UTIAMC,.NS,UTIAMC.NS
CRISIL,.NS,CRISIL.NS
CENTURYPLY,.NS,CENTURYPLY.NS
YESBANK,.NS,YESBANK.NS
THERMAX,.NS,THERMAX.NS
AAVAS,.NS,AAVAS.NS
BALRAMCHIN,.NS,BALRAMCHIN.NS
KALYANKJIL,.NS,KALYANKJIL.NS
FSL,.NS,FSL.NS
SJVN,.NS,SJVN.NS
AXISBANK,.NS,AXISBANK.NS
RECLTD,.NS,RECLTD.NS
BANKINDIA,.NS,BANKINDIA.NS
RAYMOND,.NS,RAYMOND.NS
WELSPUNLIV,.NS,WELSPUNLIV.NS
J&KBANK,.NS,J&KBANK.NS
CAMPUS,.NS,CAMPUS.NS
DALBHARAT,.NS,DALBHARAT.NS
EIDPARRY,.NS,EIDPARRY.NS
RTNINDIA,.NS,RTNINDIA.NS
SUZLON,.NS,SUZLON.NS
KSB,.NS,KSB.NS
CIEINDIA,.NS,CIEINDIA.NS
MFSL,.NS,MFSL.NS
CGCL,.NS,CGCL.NS
PFC,.NS,PFC.NS
POONAWALLA,.NS,POONAWALLA.NS
NTPC,.NS,NTPC.NS
NESTLEIND,.NS,NESTLEIND.NS
BEL,.NS,BEL.NS
GLAXO,.NS,GLAXO.NS
LTTS,.NS,LTTS.NS
PPLPHARMA,.NS,PPLPHARMA.NS
TVSSCS,.NS,TVSSCS.NS
NIACL,.NS,NIACL.NS
NYKAA,.NS,NYKAA.NS
NBCC,.NS,NBCC.NS
MOTHERSON,.NS,MOTHERSON.NS
NAUKRI,.NS,NAUKRI.NS
AARTIIND,.NS,AARTIIND.NS
ASHOKLEY,.NS,ASHOKLEY.NS
KPIL,.NS,KPIL.NS
IIFL,.NS,IIFL.NS
LICHSGFIN,.NS,LICHSGFIN.NS
OBEROIRLTY,.NS,OBEROIRLTY.NS
ALOKINDS,.NS,ALOKINDS.NS
SONATSOFTW,.NS,SONATSOFTW.NS
GSFC,.NS,GSFC.NS
GMDCLTD,.NS,GMDCLTD.NS
IDEA,.NS,IDEA.NS
KNRCON,.NS,KNRCON.NS
INOXWIND,.NS,INOXWIND.NS
SCHAEFFLER,.NS,SCHAEFFLER.NS
IGL,.NS,IGL.NS
IOB,.NS,IOB.NS
TITAGARH,.NS,TITAGARH.NS
RELIANCE,.NS,RELIANCE.NS
HINDCOPPER,.NS,HINDCOPPER.NS
RITES,.NS,RITES.NS
AUBANK,.NS,AUBANK.NS
DELHIVERY,.NS,DELHIVERY.NS
ADANIENT,.NS,ADANIENT.NS
SPARC,.NS,SPARC.NS
KEI,.NS,KEI.NS
TATACOMM,.NS,TATACOMM.NS
OLECTRA,.NS,OLECTRA.NS
BEML,.NS,BEML.NS
EASEMYTRIP,.NS,EASEMYTRIP.NS
ISEC,.NS,ISEC.NS
HAL,.NS,HAL.NS
SWANENERGY,.NS,SWANENERGY.NS
BASF,.NS,BASF.NS
IRB,.NS,IRB.NS
JMFINANCIL,.NS,JMFINANCIL.NS
360ONE,.NS,360ONE.NS
AEGISLOG,.NS,AEGISLOG.NS
HFCL,.NS,HFCL.NS
BBTC,.NS,BBTC.NS
PRESTIGE,.NS,PRESTIGE.NS
INFY,.NS,INFY.NS
CYIENT,.NS,CYIENT.NS
ICICIBANK,.NS,ICICIBANK.NS
LLOYDSME,.NS,LLOYDSME.NS
ESCORTS,.NS,ESCORTS.NS
MAHLIFE,.NS,MAHLIFE.NS
RAILTEL,.NS,RAILTEL.NS
LODHA,.NS,LODHA.NS
VINATIORGA,.NS,VINATIORGA.NS
GMRAIRPORT,.NS,GMRAIRPORT.NS
PATANJALI,.NS,PATANJALI.NS
TECHNOE,.NS,TECHNOE.NS
MPHASIS,.NS,MPHASIS.NS
NAVINFLUOR,.NS,NAVINFLUOR.NS
PIDILITIND,.NS,PIDILITIND.NS
CREDITACC,.NS,CREDITACC.NS
JYOTICNC,.NS,JYOTICNC.NS
PCBL,.NS,PCBL.NS
CHOLAHLDNG,.NS,CHOLAHLDNG.NS
CONCORDBIO,.NS,CONCORDBIO.NS
AKUMS,.NS,AKUMS.NS
GODFRYPHLP,.NS,GODFRYPHLP.NS
IRCON,.NS,IRCON.NS
GRASIM,.NS,GRASIM.NS
NETWEB,.NS,NETWEB.NS
JSWSTEEL,.NS,JSWSTEEL.NS
ADANIPOWER,.NS,ADANIPOWER.NS
FINCABLES,.NS,FINCABLES.NS
BIRLACORPN,.NS,BIRLACORPN.NS
SUMICHEM,.NS,SUMICHEM.NS
DIXON,.NS,DIXON.NS
BAJFINANCE,.NS,BAJFINANCE.NS
UPL,.NS,UPL.NS
RVNL,.NS,RVNL.NS
AFFLE,.NS,AFFLE.NS
NATIONALUM,.NS,NATIONALUM.NS
BAJAJFINSV,.NS,BAJAJFINSV.NS
BAJAJHLDNG,.NS,BAJAJHLDNG.NS
GODIGIT,.NS,GODIGIT.NS
WELCORP,.NS,WELCORP.NS
PEL,.NS,PEL.NS
GRSE,.NS,GRSE.NS
AADHARHFC,.NS,AADHARHFC.NS
ANGELONE,.NS,ANGELONE.NS
TTML,.NS,TTML.NS
ASIANPAINT,.NS,ASIANPAINT.NS
BIKAJI,.NS,BIKAJI.NS
KIRLOSENG,.NS,KIRLOSENG.NS
VGUARD,.NS,VGUARD.NS
GODREJIND,.NS,GODREJIND.NS
RHIM,.NS,RHIM.NS
BHARTIHEXA,.NS,BHARTIHEXA.NS
INOXINDIA,.NS,INOXINDIA.NS
TRIVENI,.NS,TRIVENI.NS
BDL,.NS,BDL.NS
CHOLAFIN,.NS,CHOLAFIN.NS
RCF,.NS,RCF.NS
POLYMED,.NS,POLYMED.NS
NETWORK18,.NS,NETWORK18.NS
ADANIGREEN,.NS,ADANIGREEN.NS
JIOFIN,.NS,JIOFIN.NS
CUMMINSIND,.NS,CUMMINSIND.NS
ABB,.NS,ABB.NS
JUBLINGREA,.NS,JUBLINGREA.NS
LTIM,.NS,LTIM.NS
TRITURBINE,.NS,TRITURBINE.NS
DOMS,.NS,DOMS.NS
CRAFTSMAN,.NS,CRAFTSMAN.NS